{"cameraMode":{"drawMode":0,"name":"Shaded","section":"Shading Mode"},"sceneLighting":false,"audioPlay":false,"sceneViewState":{"showFog":false,"showMaterialUpdate":false,"showSkybox":false,"showFlares":false,"showImageEffects":false,"showParticleSystems":false},"in2DMode":false,"pivot":{"x":-0.3287353515625,"y":0.00592041015625,"z":-0.1204833984375},"rotation":{"x":-0.0617639385163784,"y":-0.014374357648193837,"z":0.0008897036896087229,"w":-0.9979888200759888},"size":1.2503467798233033,"orthographic":true}