{"cameraMode":{"drawMode":0,"name":"Shaded","section":"Shading Mode"},"sceneLighting":false,"audioPlay":false,"sceneViewState":{"showFog":false,"showMaterialUpdate":false,"showSkybox":false,"showFlares":false,"showImageEffects":false,"showParticleSystems":false},"in2DMode":false,"pivot":{"x":0.8799999952316284,"y":1.4600000381469727,"z":0.0},"rotation":{"x":-0.0617639385163784,"y":-0.014374357648193837,"z":0.0008897036896087229,"w":-0.9979888200759888},"size":5.1195173263549809,"orthographic":true}